MD5,,C2,Malware Family
dd1101adc86fd282f5f183942cc2f3b7,,wjwj.no-ip.org,CyberGate
dd1101adc86fd282f5f183942cc2f3b7,,ruley.no-ip.org,CyberGate
dd1101adc86fd282f5f183942cc2f3b7,,lolinha.no-ip.org,CyberGate
2d722592a4e3c8030410dccccb221ce4,,wjwj.no-ip.org,CyberGate
d2adecc6287dd4d559fe6ce2ce7a7e31,,wjwj.no-ip.org,Cybergate
d2adecc6287dd4d559fe6ce2ce7a7e31,,ruley.no-ip.org,Cybergate
d2adecc6287dd4d559fe6ce2ce7a7e31,,lolinha.no-ip.org,Cybergate
93b630891db21a4a2350280a360c713d,,wjwj.no-ip.org,CyberGate
93b630891db21a4a2350280a360c713d,,ruley.no-ip.org,CyberGate
93b630891db21a4a2350280a360c713d,,lolinha.no-ip.org,CyberGate
a73351623577f44a2b578fed1e78e37e,,ruley.no-ip.org,CyberGate
a73351623577f44a2b578fed1e78e37e,,wjwj.no-ip.org,CyberGate
5a8975873f52436377d8fb0b5ab0d87a,,ruley.no-ip.org,CyberGate
ed8d7ed45b64890b8901b735018318f3,,ruley.no-ip.org,CyberGate
ed8d7ed45b64890b8901b735018318f3,,wjwj.no-ip.org,CyberGate
c2237e9d415f542ce6e73adb260af123,,wjwj.no-ip.org,Xtreme RAT
2827450763b55c5e71fda3caaf8e75f9,,wjwj.no-ip.org,Xtreme RAT
bc97437fec7e7e8634c2eabae3cc4832,,ruley.no-ip.org,CyberGate
bc97437fec7e7e8634c2eabae3cc4832,,taskmgr.serveftp.com,CyberGate
d7f34168b1a7dd7cbd8e62a5ab1ebc0e,,taskmgr.serveftp.com,Xtreme RAT
d7f34168b1a7dd7cbd8e62a5ab1ebc0e,,taskmgr.servehttp.com,Xtreme RAT
6c34d4296126679d9c6a0bc2660dc453,,taskmgr.servehttp.com,CyberGate
6c34d4296126679d9c6a0bc2660dc453,,taskmgr.serveftp.com,CyberGate
efc0009d76a2057f86c5f00030378c72,,daynews.sytes.net,AlienSpy
74613eae84347183b4ca61b912a4573f,,daynews.sytes.net,AlienSpy
d2f151312f7dee2483ddcab9766b56db,,daynews.sytes.net,AlienSpy
ea7bcf58a4ccdecb0c64e56b9998a4ac,,daynews.sytes.net,Adzok
1e4265a0c37773c2372b97bb6630ae57,,daynews.sytes.net,Adzok
08a3bb5b220eb1e0dc2ecccbbc6859f5,,daynews.sytes.net,Adzok
2de51e74fd571319bbf763ec62781096,,deyrep24.ddns.net,AlienSpy
8fb96dfab7e4c0acb1eb9f4e950ba4b9,,deyrep24.ddns.net,AlienSpy
4a23a1d6779d199aaa582cf0a5868ad1,,deyrep24.ddns.net,Adzok
0ae0038ffe8cf5c3170734a71ff2213d,,deyrep24.ddns.net,AlienSpy
8e0f021dcbbfa586a1c6780e77ac0fb6,,taskmgr.servehttp.com,CyberGate
a74ef893b1bf21c9df6d8e31285db981,,taskmgr.servehttp.com,CyberGate
a988235ad7d47acbeca5ccb4ea5a1ed5,,taskmgr.servehttp.com,CyberGate
15ebe16cd9500de534d5bfd5eeceaf73,,taskmgr.servehttp.com,CyberGate
01dec1b1d0760d5a1a562edcfeb478d1,,taskmgr.servehttp.com,CyberGate
1e6d0b59d4fb7650453c207688385f3a,,taskmgr.servehttp.com,CyberGate
e03be1849ad7cecba1e20923074cd22f,,taskmgr.servehttp.com,CyberGate
779a79c11f581b84e7c81f321fd8d743,,conhost.servehttp.com,CyberGate
13d939b2412c6adbab3cc1b539166671,,conhost.servehttp.com,CyberGate
13d939b2412c6adbab3cc1b539166671,,dllhost.servehttp.com,CyberGate
7b2cb5249d704cb1df8d4210e7c3d553,,dllhost.servehttp.com,CyberGate
7b2cb5249d704cb1df8d4210e7c3d553,,conhost.servehttp.com,CyberGate
a09f100ddc7cf29f8a93a3d7a79c58b9,,taskmgr.servehttp.com,CyberGate
ce6065346a918a813eeb58bbb0814a23,,taskmgr.servehttp.com,CyberGate
ea50bf8abcf9c0c40c4490dc15fb0a2a,,taskmgr.servehttp.com,CyberGate
3a61d64986ee6529cee271ab6754faa5,,taskmgr.servehttp.com,CyberGate
695db7dd3b1daf89f2c56d59faecc088,,taskmgr.servehttp.com,CyberGate
