File,MD5,VirusTotal (26-Jul-2016),First Sub. on VT
assadcrimes.ppsx,76F8142B4E52C671871B3DF87F10C30C,N/A,N/A
putty.exe [stage1 downloader],366908F6C5C4F4329478D60586ECA5BC,N/A,N/A
dvm.exe [stage 2 payload],7D898530D2E77F15F5BADCE8D7DF215E,N/A,N/A
Unpacked dvm.exe,A4F1F4921BB11FF9D22FAD89B19B155D,N/A,N/A
NanoCore RAT payload,DD5BEDD915967C5EFE00733CF7478CB4,N/A,N/A
assadcrimes1.ppsx,F1F84EA3229DCA0CCACB7381A2F49F99,N/A,N/A
dvm.exe,7D898530D2E77F15F5BADCE8D7DF215E,N/A,N/A
assadcrimes.info.ppsx,30BB678DB3AD0140FC33ACD9803385C3,N/A,N/A
putty.exe,5C4EC3D93A664E4BFA1CE6286CCF0249,N/A,N/A
Unpacked putty.exe,6161083021B695814434450C1882F9F3,N/A,N/A
njRAT payload,B4121C3A1892332402000EF0D587C0EE,N/A,N/A
alshohadaa alatfal.exe [decoy app],2FC276E1C06C3C78C6D7B66A141213BE,N/A,N/A
dvm.exe [dropped by decoy app],494BAB7FD0B42B0B14051ED9ABBD651F,14 / 55,2-Mar-2016
Unpacked dvm.exe,6161083021B695814434450C1882F9F3,N/A,N/A
njRAT payload,B4121C3A1892332402000EF0D587C0EE,N/A,N/A
Android Malicious APK (DroidJack),,,
adobe_flash_player.apk,8EBEB3F91CDA8E985A9C61BEB8CDDE9D,23 / 53,5-Jul-2016
